District
Kolkata
Coimbatore
Fazilka
Adilabad
Adilabad
Kurnool
Bengaluru
West Tripura
West Tripura
Ahmedabad
Moga
Akola
Akola
Akola
Tiruvannamalai
Nashik
Chennai
Thane
Nagarkurnool
Nagarkurnool
Vikarabad
Siddipet
Nalgonda
Vikarabad
Warangal
Kamrup
Kamrup
Kamrup
Amravati
Amravati
Amritsar
Amritsar
Anand
Visakhapatnam
Bhojpur
Ganjam
Karnal
Erode
Tiruppur
Ayodhya
Thanjavur
Thanjavur
Thanjavur
Thanjavur
Kamrup
Kamrup
Bahraich
Balaghat
Balasore
Balasore
Moga
Ballia
Latur
Banaskantha
Banda
Palghar
Bengaluru
Baran
Mansa
Bargarh
Hazaribagh
Barmer
Vadodara
Basti
Mahabubabad
Udham Singh Nagar
Ajmer
Ajmer
Begusarai
Paschim Medinipur
Belagavi
Murshidabad
Ganjam
West Champaran
Sant Ravidas Nagar
Bhagalpur
Bharatpur
Raipur
Raipur
Bathinda
Fatehabad
Bhavnagar
Bhind
Bhiwani
Jalandhar
Bhopal
Yadadri Bhuvanagiri
Firozpur
Bidar
Bijnor
Bikaner
Bikaner
Bilaspur
Bilaspur
Pilibhit
Bankura
Bishnupur
Nizamabad
Bolangir
Bongaigaon
Hooghly
Surendranagar
Purba Bardhaman
Purba Bardhaman
Burhanpur
Hyderabad
West Singhbhum
Jaipur
Patiala
Chandrapur
Chandrapur
Sambhal
Sambhal
Chandigarh
Paschim Medinipur
Chandrapur
Charkhi Dadri
Charkhi Dadri
Jhajjar
Cuddalore
Aurangabad
Nagarkurnool
Chhindwara
Jhansi
Chitradurga
Jangaon
Jaipur
Cuttack
Chennai
Coimbatore
Cooch Behar
Cuddalore
Cuttack
Amravati
Gautam Buddha Nagar
Darbhanga
Darbhanga
Sonapur
Davanagere
Kangra
Dehradun
Tonk
Medchal-Malkajgiri
Medchal-Malkajgiri
Dhamtari
Nanded
Peddapalli
Dharwad
Rajkot
Dhubri
Peddapalli
Dimapur
Mumbai
Bengaluru Rural
Kargil
Raigad
Guntur
Siddharth Nagar
Purba Medinipur
Ernakulam
Nizamabad
Warangal
Ernakulam
Erode
Etawah
Fatehabad
Patna
Fazilka
Gadag
Gadag
Jogulamba Gadwal
Warangal
Khordha
Kutch
Kutch
Kutch
Kolkata
Hoshiarpur
Ghaziabad
Varanasi
Lakhimpur Kheri
Gondia
Gondia
Gorakhpur
Mancherial
Suryapet
Gautam Buddha Nagar
Krishna
Kalaburagi
Kalaburagi
Kalaburagi
Guntur
Gurdaspur
Gurugram
Gwalior
Purba Medinipur
Hanumangarh
Hanumangarh
Hanumangarh
Hardoi
Hassan
Hazaribagh
Hyderabad
Hisar
Hoshiarpur
Vijayanagara
Krishnagiri
Dharwad
North 24 Parganas
New Delhi
Pune
Indore
Indore
Indore
Indore
Indore
Karnal
Ahmedabad
Yamunanagar
Yamunanagar
Bulandshahr
Bulandshahr
Jajpur
Jalna
Karimnagar
Jamnagar
Jamnagar
East Singhbhum
Jangaon
Udham Singh Nagar
Khordha
Koraput
Jhajjar
Jhansi
Jhunjhunu
Jodhpur
Bongaigaon
Dhemaji
Jorhat
Jorhat
Kalahandi
Suryapet
Kadapa
Krishna
Kaithal
East Godavari
Ernakulam
Thrissur
Mumbai
Navi Mumbai
Jamnagar
Bengaluru
Kutch
Medchal-Malkajgiri
Palakkad
Kannur
Kanpur
Kanpur
Kanpur
Kanpur
Lakhimpur Kheri
Karimnagar
Karimnagar
Karnal
Karnal
Udham Singh Nagar
Udham Singh Nagar
Gautam Buddha Nagar
Katihar
Katni
Katni
Cuttack
Cuttack
Patiala
Khagaria
Khammam
Khandwa
Paschim Medinipur
Udham Singh Nagar
Coimbatore
New Delhi
Mandya
Kishanganj
Yavatmal
Ernakulam
Kalahandi
Kolhapur
Kolhapur
Kolkata
Siddipet
Kota
Kota
Kota
Bhadradri Kothagudem
Jaipur
Kozhikode
Hyderabad
Thanjavur
Sonipat
Kottayam
Kurukshetra
Hyderabad
Hyderabad
Sitapur
Ghaziabad
Lucknow
Lucknow
Ludhiana
Lawngtlai
Tumakuru
Krishna
Chennai
Madhepura
Khammam
Kasaragod
Madurai
Madurai
Shajapur
Malda
Guwahati
Vikarabad
Morbi
Morbi
Guna
Thiruvarur
Mandi
Jalandhar
Jalandhar
Fatehgarh Sahib
Dakshina Kannada
Medak
Mansa
Mansa
Kanchipuram
Kendrapara
Darjeeling
Mau
Medak
Mahabubnagar
Pudukkottai
Suryapet
Chennai
Karimnagar
Sangli
Sangli
Moga
Moga
Hooghly
SAS Nagar
Kaimur
Patna
Coimbatore
Morena
Morena
Sangareddy
Muktsar
Kutch
Kutch
Munger
Muzaffarnagar
Muzaffarnagar
Muzaffarnagar
Nabarangpur
Patiala
Patiala
Kheda
Nagaur
Kanyakumari
Nagpur
Prayagraj
Namakkal
Hyderabad
Nanded
Kurnool
Nandyal
New Delhi
Ambala
New Delhi
New Delhi
Kamrup
Gadag
Narmada
Narsinghpur
Jind
Nashik
Warangal
Khammam
Nellore
Jagatsinghpur
Nellore
Karimganj
Nizamabad
Gautam Buddha Nagar
Bikaner
Gautam Buddha Nagar
Golaghat
Suryapet
New Delhi
New Delhi
New Delhi
Prakasam
Dakshina Kannada
North 24 Parganas
North 24 Parganas
Nagaur
Hooghly
Patan
Pathankot
Patna
Guntur
Amreli
Dhar
Nizamabad
Nizamabad
Tiruvallur
Tiruvallur
Coimbatore
Karimnagar
Peddapalli
Peddapalli
Warangal
South Andaman
Puducherry
Pune
Ahmednagar
New Delhi
Siddipet
Raichur
Raigarh
Raigarh
Siddipet
Raipur
Raipur
Raipur
East Godavari
Rajkot
Rajkot
Rajkot
Sangareddy
Rampur
Karimnagar
Karimnagar
Karimnagar
Ranchi
Ranchi
Murshidabad
Vadodara
Rayagada
Krishna
Chittoor
Sonbhadra
Rohtak
Rohtak
Rupnagar
Sundargarh
Chennai
North Goa
Churu
Saharanpur
Saharanpur
Ghaziabad
Ghaziabad
Puri
Samastipur
Warangal
Sangareddy
Sangareddy
Sangli
Tirunelveli
Indore
Rajgarh
Murshidabad
Bhiwani
Erode
Guntur
Kalaburagi
Tiruppur
Erode
Jaunpur
Shahjahanpur
Shamli
Sheopur
Sheopur
Shimoga
Shimoga
Varanasi
Tiruvallur
Siddipet
Siddipet
Sikar
Cachar
Dhanbad
Coimbatore
Guntur
Fatehgarh Sahib
Sirsa
Jaipur
Jaipur
Siwan
Shahdol
