WarehouseName,District,State,DistrictCSVpath
CW LALABAZAR FSD - PMS,Kolkata,West Bengal,data/Kolkata.csv
CW AANAMALAI-HIRED NAFED,Coimbatore,Tamil Nadu,data/Coimbatore.csv
CW ABOHAR-I,Fazilka,Punjab,data/Fazilka.csv
CW ADILABAD,Adilabad,Telangana,data/Adilabad.csv
CW ADILABAD II,Adilabad,Telangana,data/Adilabad.csv
CW ADONI,Kurnool,Andhra Pradesh,data/Kurnool.csv
CW AEROSPACE PARK,Bengaluru Urban,Karnataka,data/Bengaluru Urban.csv
CW AHMEDABAD-I,Ahmedabad,Gujarat,data/Ahmedabad.csv
CW AJITWAL,Moga,Punjab,data/Moga.csv
CW AKOLA-I,Akola,Maharashtra,data/Akola.csv
CW AKOLA-I-HIRED,Akola,Maharashtra,data/Akola.csv
CW AKOLA-II,Akola,Maharashtra,data/Akola.csv
CW AMBAD-NASIK,Nashik,Maharashtra,data/Nashik.csv
CW AMBATTUR,Chennai,Tamil Nadu,data/Chennai.csv
CW AMC MITTAPALLY,Medak,Telangana,data/Medak.csv
CW AMRAVATI,Amravati,Maharashtra,data/Amravati.csv
CW AMRAVATI-HIRED,Amravati,Maharashtra,data/Amravati.csv
CW AMRITSAR,Amritsar,Punjab,data/Amritsar.csv
CW AMRITSAR BD,Amritsar,Punjab,data/Amritsar.csv
CW ANAND,Anand,Gujarat,data/Anand.csv
CW ANKAPALLY,Anakapalli,Andhra Pradesh,data/Anakapalli.csv
CW ARRAH,Bhojpur,Bihar,data/Bhojpur.csv
CW ASKA,Ganjam,Odisha,data/Ganjam.csv
CW ASSANDH,Karnal,Haryana,data/Karnal.csv
CW BAHRAICH,Bahraich,Uttar Pradesh,data/Bahraich.csv
CW BALASORE-I,Balasore,Odisha,data/Balasore.csv
CW BALASORE-II,Balasore,Odisha,data/Balasore.csv
CW BALJITPARA,Barpeta,Assam,data/Barpeta.csv
CW BALLIA,Ballia,Uttar Pradesh,data/Ballia.csv
CW BANDA,Banda,Uttar Pradesh,data/Banda.csv
CW BANG-I APMC,Bengaluru Urban,Karnataka,data/Bengaluru Urban.csv
CW BANG-V-RVLAYOUT,Bengaluru Urban,Karnataka,data/Bengaluru Urban.csv
CW BARETA-HIRED,Mansa,Punjab,data/Mansa.csv
CW BARGARH,Bargarh,Odisha,data/Bargarh.csv
CW BARHI,Hazaribagh,Jharkhand,data/Hazaribagh.csv
CW BAYYARAM-HIRED,Mahabubabad,Telangana,data/Mahabubabad.csv
CW BEAWAR I,Ajmer,Rajasthan,data/Ajmer.csv
CW BEAWAR II,Ajmer,Rajasthan,data/Ajmer.csv
CW Begusarai,Begusarai,Bihar,data/Begusarai.csv
CW BERHAMPORE,Murshidabad,West Bengal,data/Murshidabad.csv
CW BERHAMPUR,Ganjam,Odisha,data/Ganjam.csv
CW Bhagalpur,Bhagalpur,Bihar,data/Bhagalpur.csv
CW BHARATPUR,Bharatpur,Rajasthan,data/Bharatpur.csv
CW BHATTU KALAN-HIRED,Fatehabad,Haryana,data/Fatehabad.csv
CW BHAVNAGAR,Bhavnagar,Gujarat,data/Bhavnagar.csv
CW BHIND,Bhind,Madhya Pradesh,data/Bhind.csv
CW BHIWANI,Bhiwani,Haryana,data/Bhiwani.csv
CW BHOGPUR,Jalandhar,Punjab,data/Jalandhar.csv
CW BHOPAL-I,Bhopal,Madhya Pradesh,data/Bhopal.csv
CW BIBIPUR,Banka,Bihar,data/Banka.csv
CW BIDAR,Bidar,Karnataka,data/Bidar.csv
CW BIKANER-I,Bikaner,Rajasthan,data/Bikaner.csv
CW BIKANER-II,Bikaner,Rajasthan,data/Bikaner.csv
CW BILASPUR-I,Bilaspur,Chhattisgarh,data/Bilaspur.csv
CW BILASPUR-II,Bilaspur,Chhattisgarh,data/Bilaspur.csv
CW BISALPUR,Pilibhit,Uttar Pradesh,data/Pilibhit.csv
CW BISHNUPUR,Bankura,West Bengal,data/Bankura.csv
CW Bishnupur FSD - PMS,Bishnupur,Manipur,data/Bishnupur.csv
CW BODHAN,Nizamabad,Telangana,data/Nizamabad.csv
CW BOLANGIR,Balangir,Odisha,data/Balangir.csv
CW BONGAIGAON-HIRED,Bongaigaon,Assam,data/Bongaigaon.csv
CW BUDLADA HIRED,Rajkot,Gujarat,data/Rajkot.csv
CW BURHANPUR-I,Burhanpur,Madhya Pradesh,data/Burhanpur.csv
CW CCI X ROAD,Raichur,Karnataka,data/Raichur.csv
CW CHAKSU,Jaipur,Rajasthan,data/Jaipur.csv
CW CHANDAUSH,Chandauli,Uttar Pradesh,data/Chandauli.csv
CW CHANDAUSH-II,Chandauli,Uttar Pradesh,data/Chandauli.csv
CW CHANDIGARH,Chandigarh,Chandigarh,data/Chandigarh.csv
CW CHARKHI DADRI,Charkhi Dadri,Haryana,data/Charkhi Dadri.csv
CW CHARKHI DADRI-HIRED,Charkhi Dadri,Haryana,data/Charkhi Dadri.csv
CW CHIDAMBARAM,Cuddalore,Tamil Nadu,data/Cuddalore.csv
CW CHIKALTHANA,Aurangabad,Maharashtra,data/Aurangabad.csv
CW CHILKAMARRI,Nizamabad,Telangana,data/Nizamabad.csv
CW CHINDWARA,Chhindwara,Madhya Pradesh,data/Chhindwara.csv
CW CHIRGAON,Jhansi,Uttar Pradesh,data/Jhansi.csv
CW CHITYAL,Nizamabad,Telangana,data/Nizamabad.csv
CW CHOMU,Jaipur,Rajasthan,data/Jaipur.csv
CW CHOUDWAR,Cuttack,Odisha,data/Cuttack.csv
CW CHROMEPET,Chennai,Tamil Nadu,data/Chennai.csv
CW COIMBATORE,Coimbatore,Tamil Nadu,data/Coimbatore.csv
CW CUDDALORE,Cuddalore,Tamil Nadu,data/Cuddalore.csv
CW CUTTACK,Cuttack,Odisha,data/Cuttack.csv
CW DABASPETH,Nagpur,Maharashtra,data/Nagpur.csv
CW DARBHANGA,Darbhanga,Bihar,data/Darbhanga.csv
CW DARBHANGA II- Hired,Darbhanga,Bihar,data/Darbhanga.csv
CW DAVANGERE,Davanagere,Karnataka,data/Davanagere.csv
CW DEHRADUN,Dehradun,Uttarakhand,data/Dehradun.csv
CW DEVARAYAMZAL,Medchal-Malkajgiri,Telangana,data/Medchal-Malkajgiri.csv
CW DEVARAYAMZAL-II-HIRED CCI,Medchal-Malkajgiri,Telangana,data/Medchal-Malkajgiri.csv
CW DHAMTARI,Dhamtari,Chhattisgarh,data/Dhamtari.csv
CW DHARMABAD-HIRED,Nanded,Maharashtra,data/Nanded.csv
CW DHARMARAM-HIRED CCI,Karimnagar,Telangana,data/Karimnagar.csv
CW DHORAJI-HIRED,Rajkot,Gujarat,data/Rajkot.csv
CW DHUBRI,Dhubri,Assam,data/Dhubri.csv
CW DIMAPUR,Dimapur,Nagaland,data/Dimapur.csv
CW DISTRIPARK - CFS,Mumbai Suburban,Maharashtra,data/Mumbai Suburban.csv
CW DRONAGIRI NODE - CFS,Raigad,Maharashtra,data/Raigad.csv
CW DUGGIRALA,Guntur,Andhra Pradesh,data/Guntur.csv
CW ELIKATTA,Karimnagar,Telangana,data/Karimnagar.csv
CW ERODE,Erode,Tamil Nadu,data/Erode.csv
CW ETAWAH,Etawah,Uttar Pradesh,data/Etawah.csv
CW FATEHABAD,Fatehabad,Haryana,data/Fatehabad.csv
CW FATUHA,Patna,Bihar,data/Patna.csv
CW FAZILKA-I,Fazilka,Punjab,data/Fazilka.csv
CW GADAG-I,Gadag,Karnataka,data/Gadag.csv
CW GADAG-II,Gadag,Karnataka,data/Gadag.csv
CW GAJALAPURAM,Karimnagar,Telangana,data/Karimnagar.csv
CW GANDASI,Darbhanga,Bihar,data/Darbhanga.csv
CW GARDEN REACH,Kolkata,West Bengal,data/Kolkata.csv
CW GHAZIABAD-I,Ghaziabad,Uttar Pradesh,data/Ghaziabad.csv
CW GONDIA-I,Gondia,Maharashtra,data/Gondia.csv
CW GONDIA-II,Gondia,Maharashtra,data/Gondia.csv
CW GOURARAM,Khammam,Telangana,data/Khammam.csv
CW GUNTUR,Guntur,Andhra Pradesh,data/Guntur.csv
CW GURDASPUR,Gurdaspur,Punjab,data/Gurdaspur.csv
CW GURGAON,Gurugram,Haryana,data/Gurugram.csv
CW GWALIOR,Gwalior,Madhya Pradesh,data/Gwalior.csv
CW HANUMANGARH III,Hanumangarh,Rajasthan,data/Hanumangarh.csv
CW HANUMANGARH-I,Hanumangarh,Rajasthan,data/Hanumangarh.csv
CW HANUMANGARH-II,Hanumangarh,Rajasthan,data/Hanumangarh.csv
CW HASSAN-HIRED,Hassan,Karnataka,data/Hassan.csv
CW HAZARIBAGH,Hazaribagh,Jharkhand,data/Hazaribagh.csv
CW HISSAR,Hisar,Haryana,data/Hisar.csv
CW HOSUR,Krishnagiri,Tamil Nadu,data/Krishnagiri.csv
CW IMPEX PARK - CFS,Mumbai Suburban,Maharashtra,data/Mumbai Suburban.csv
CW INDORE-I,Indore,Madhya Pradesh,data/Indore.csv
CW INDORE-II,Indore,Madhya Pradesh,data/Indore.csv
CW INDORE-III,Indore,Madhya Pradesh,data/Indore.csv
CW INDORE-IV,Indore,Madhya Pradesh,data/Indore.csv
CW INDORE-V,Indore,Madhya Pradesh,data/Indore.csv
CW INDRI,Karnal,Haryana,data/Karnal.csv
CW ISHANPUR,Ahmedabad,Gujarat,data/Ahmedabad.csv
CW JAHANGIRABAD-I,Bulandshahr,Uttar Pradesh,data/Bulandshahr.csv
CW JAHANGIRABAD-II,Bulandshahr,Uttar Pradesh,data/Bulandshahr.csv
CW JALNA-HIRED,Jalna,Maharashtra,data/Jalna.csv
CW JAMMIKUNTA,Karimnagar,Telangana,data/Karimnagar.csv
CW JAMNAGAR,Jamnagar,Gujarat,data/Jamnagar.csv
CW JANGAON,Jangaon,Telangana,data/Jangaon.csv
CW JHANSI,Jhansi,Uttar Pradesh,data/Jhansi.csv
CW JODHPUR,Jodhpur,Rajasthan,data/Jodhpur.csv
CW JOGIHOPA FSD - PMS,Bongaigaon,Assam,data/Bongaigaon.csv
CW JONAI,Dhemaji,Assam,data/Dhemaji.csv
CW JORHAT-I,Jorhat,Assam,data/Jorhat.csv
CW JORHAT-II,Jorhat,Assam,data/Jorhat.csv
CW JUNAGARH,Junagadh,Gujarat,data/Junagadh.csv
CW KADAMBAPUR,Nalgonda,Telangana,data/Nalgonda.csv
CW KAITHAL,Kaithal,Haryana,data/Kaithal.csv
CW KAKINADA,Kakinada,Andhra Pradesh,data/Kakinada.csv
CW KAKKANCHERRY,Malappuram,Kerala,data/Malappuram.csv
CW KALAMATI,Durg,Chhattisgarh,data/Durg.csv
CW KALAMBOLI - IRT,Raigad,Maharashtra,data/Raigad.csv
CW KALAVAD-HIRED,Jamnagar,Gujarat,data/Jamnagar.csv
CW KAMMASANDRA-HIRED,Bengaluru Urban,Karnataka,data/Bengaluru Urban.csv
CW KANDLAKOYA,Hyderabad,Telangana,data/Hyderabad.csv
CW KARACHIA-II-HIRED,Bhavnagar,Gujarat,data/Bhavnagar.csv
CW KARIMNAGAR I,Karimnagar,Telangana,data/Karimnagar.csv
CW KARIMNAGAR-II,Karimnagar,Telangana,data/Karimnagar.csv
CW KARNAL-I,Karnal,Haryana,data/Karnal.csv
CW KARNAL-III,Karnal,Haryana,data/Karnal.csv
CW KATIHAR,Katihar,Bihar,data/Katihar.csv
CW KENDUPALLI-I,Kendrapara,Odisha,data/Kendrapara.csv
CW KENDUPALLI-II,Kendrapara,Odisha,data/Kendrapara.csv
CW KESARISINGHPUR,Kendrapara,Odisha,data/Kendrapara.csv
CW KHAGARIA,Khagaria,Bihar,data/Khagaria.csv
CW KHAMMAM,Khammam,Telangana,data/Khammam.csv
CW KHANDWA-I,Khandwa,Madhya Pradesh,data/Khandwa.csv
CW KINATHUKADAVU-HIRED NAFED,Coimbatore,Tamil Nadu,data/Coimbatore.csv
CW KIRUGAVALU-HIRED,Mandya,Karnataka,data/Mandya.csv
CW KISHANGANJ,Kishanganj,Bihar,data/Kishanganj.csv
CW KOLKATA-CFS,Kolkata,West Bengal,data/Kolkata.csv
CW KOTA I,Kota,Rajasthan,data/Kota.csv
CW KOTA II,Kota,Rajasthan,data/Kota.csv
CW KOTA-III,Kota,Rajasthan,data/Kota.csv
CW KOTPUTLI,Jaipur,Rajasthan,data/Jaipur.csv
CW KUKATPALLY CFS,Hyderabad,Telangana,data/Hyderabad.csv
CW LALGADIMALAKPET,Hyderabad,Telangana,data/Hyderabad.csv
CW LI AREA,Ludhiana,Punjab,data/Ludhiana.csv
CW LONI - ICD,Ghaziabad,Uttar Pradesh,data/Ghaziabad.csv
CW LUCKNOW-I,Lucknow,Uttar Pradesh,data/Lucknow.csv
CW LUCKNOW-II,Lucknow,Uttar Pradesh,data/Lucknow.csv
CW LUDHIANA,Ludhiana,Punjab,data/Ludhiana.csv
CW LUNGELI FSD - PMS,Aizawl,Mizoram,data/Aizawl.csv
CW MADHAVARAM,Chennai,Tamil Nadu,data/Chennai.csv
CW MADHEPURA,Madhepura,Bihar,data/Madhepura.csv
CW MADHIRA,Khammam,Telangana,data/Khammam.csv
CW MADURAI-I,Madurai,Tamil Nadu,data/Madurai.csv
CW MADURAI-II,Madurai,Tamil Nadu,data/Madurai.csv
CW MALDA,Malda,West Bengal,data/Malda.csv
CW MALIYA HATINA HIRED,Morbi,Gujarat,data/Morbi.csv
CW MALIYAHATINA,Morbi,Gujarat,data/Morbi.csv
CW MANDI,Mandi,Himachal Pradesh,data/Mandi.csv
CW MANDI ADAMPUR,Jalandhar,Punjab,data/Jalandhar.csv
CW MANDI ADAMPUR-HIRED,Jalandhar,Punjab,data/Jalandhar.csv
CW MANOHARABAD,Medak,Telangana,data/Medak.csv
CW MANSA,Mansa,Punjab,data/Mansa.csv
CW MANSA-II HIRED,Mansa,Punjab,data/Mansa.csv
CW MARSHAGHAI,Kendrapara,Odisha,data/Kendrapara.csv
CW MATIGARA-SILIGURI,Darjeeling,West Bengal,data/Darjeeling.csv
CW MAUNATH BHANJAN,Mau,Uttar Pradesh,data/Mau.csv
CW MEDAK,Medak,Telangana,data/Medak.csv
CW MEHBUBNAGAR,Mahbubnagar,Telangana,data/Mahbubnagar.csv
CW MELLACHERUVU,Nellore,Andhra Pradesh,data/Nellore.csv
CW MEPZ,Chennai,Tamil Nadu,data/Chennai.csv
CW MILL ROAD,Hugli,West Bengal,data/Hugli.csv
CW MOGA-I,Moga,Punjab,data/Moga.csv
CW MOGA-II,Moga,Punjab,data/Moga.csv
CW MOGRA-TARAGAON,Chhatarpur,Madhya Pradesh,data/Chhatarpur.csv
CW MOKAMA,Patna,Bihar,data/Patna.csv
CW MOOLAPALAYAM,Coimbatore,Tamil Nadu,data/Coimbatore.csv
CW MORENA-I,Morena,Madhya Pradesh,data/Morena.csv
CW MORENA-II,Morena,Madhya Pradesh,data/Morena.csv
CW MUKTSAR,Muktsar,Punjab,data/Muktsar.csv
CW MUSALLAPUR,Begusarai,Bihar,data/Begusarai.csv
CW MUZAFFARNAGAR BD,Muzaffarnagar,Uttar Pradesh,data/Muzaffarnagar.csv
CW MUZAFFARNAGAR-I,Muzaffarnagar,Uttar Pradesh,data/Muzaffarnagar.csv
CW NABHA,Patiala,Punjab,data/Patiala.csv
CW NABHA BD,Patiala,Punjab,data/Patiala.csv
CW NADIAD,Kheda,Gujarat,data/Kheda.csv
CW NAGPUR,Nagpur,Maharashtra,data/Nagpur.csv
CW NAINI,Prayagraj,Uttar Pradesh,data/Prayagraj.csv
CW NAMAKKAL,Namakkal,Tamil Nadu,data/Namakkal.csv
