Adilabad
Ahmedabad
Ahmednagar
Ajmer
Akola
Ambala
Amravati
Amreli
Amritsar
Anand
Aurangabad
Ayodhya
Bahraich
Balaghat
Balasore
Ballia
Banaskantha
Banda
Bankura
Baran
Bargarh
Barmer
Basti
Bathinda
Begusarai
Belagavi
Bengaluru
Bengaluru Rural
Bhadradri Kothagudem
Bhagalpur
Bharatpur
Bhavnagar
Bhind
Bhiwani
Bhojpur
Bhopal
Bidar
Bijnor
Bikaner
Bilaspur
Bishnupur
Bolangir
Bongaigaon
Bulandshahr
Burhanpur
Cachar
Chandigarh
Chandrapur
Charkhi Dadri
Chennai
Chhindwara
Chitradurga
Chittoor
Churu
Coimbatore
Cooch Behar
Cuddalore
Cuttack
Dakshina Kannada
Darbhanga
Darjeeling
Davanagere
Dehradun
Dhamtari
Dhanbad
Dhar
Dharwad
Dhemaji
Dhubri
Dimapur
District
East Godavari
East Singhbhum
Ernakulam
Erode
Etawah
Fatehabad
Fatehgarh Sahib
Fazilka
Firozpur
Gadag
Ganjam
Gautam Buddha Nagar
Ghaziabad
Golaghat
Gondia
Gorakhpur
Guna
Guntur
Gurdaspur
Gurugram
Guwahati
Gwalior
Hanumangarh
Hardoi
Hassan
Hazaribagh
Hisar
Hooghly
Hoshiarpur
Hyderabad
Indore
Jagatsinghpur
Jaipur
Jajpur
Jalandhar
Jalna
Jamnagar
Jangaon
Jaunpur
Jhajjar
Jhansi
Jhunjhunu
Jind
Jodhpur
Jogulamba Gadwal
Jorhat
Kadapa
Kaimur
Kaithal
Kalaburagi
Kalahandi
Kamrup
Kanchipuram
Kangra
Kannur
Kanpur
Kanyakumari
Kargil
Karimganj
Karimnagar
Karnal
Kasaragod
Katihar
Katni
Kendrapara
Khagaria
Khammam
Khandwa
Kheda
Khordha
Kishanganj
Kolhapur
Kolkata
Koraput
Kota
Kottayam
Kozhikode
Krishna
Krishnagiri
Kurnool
Kurukshetra
Kutch
Lakhimpur Kheri
Latur
Lawngtlai
Lucknow
Ludhiana
Madhepura
Madurai
Mahabubabad
Mahabubnagar
Malda
Mancherial
Mandi
Mandya
Mansa
Mau
Medak
Medchal-Malkajgiri
Moga
Morbi
Morena
Muktsar
Mumbai
Munger
Murshidabad
Muzaffarnagar
Nabarangpur
Nagarkurnool
Nagaur
Nagpur
Nalgonda
Namakkal
Nanded
Nandyal
Narmada
Narsinghpur
Nashik
Navi Mumbai
Nellore
New Delhi
Nizamabad
North 24 Parganas
North Goa
Palakkad
Palghar
Paschim Medinipur
Patan
Pathankot
Patiala
Patna
Peddapalli
Pilibhit
Prakasam
Prayagraj
Puducherry
Pudukkottai
Pune
Purba Bardhaman
Purba Medinipur
Puri
Raichur
Raigad
Raigarh
Raipur
Rajgarh
Rajkot
Rampur
Ranchi
Rayagada
Rohtak
Rupnagar
Saharanpur
Samastipur
Sambhal
Sangareddy
Sangli
Sant Ravidas Nagar
SAS Nagar
Shahdol
Shahjahanpur
Shajapur
Shamli
Sheopur
Shimoga
Siddharth Nagar
Siddipet
Sikar
Sirsa
Sitapur
Siwan
Sonapur
Sonbhadra
Sonipat
South Andaman
Sundargarh
Surendranagar
Suryapet
Thane
Thanjavur
Thiruvarur
Thrissur
Tirunelveli
Tiruppur
Tiruvallur
Tiruvannamalai
Tonk
Tumakuru
Udham Singh Nagar
Vadodara
Varanasi
Vijayanagara
Vikarabad
Visakhapatnam
Warangal
West Champaran
West Singhbhum
West Tripura
Yadadri Bhuvanagiri
Yamunanagar
Yavatmal
